PROYECTO,PEDIDO,CLAN,FAMILIA,PROVEEDOR,FECHA DE APROBACION,LUGAR DE ENTREGA,CONCEPTO,SITUACIONES ESPECIALES ,% SITUACION ESPECIAL,IMPORTE,,,,,,,
OO443 JAIME NUNO,252,MATERIALES,TO,TECNICA EN FIJACION Y SOPORTERIA,06/11/2025,JAIME NUNO,TORNILLERIA,AMORTIZACION,0.1,17097.768,,,,,,,
,,,,Cd. De México a 06 de Noviembre del 2025,,,,,,,,,,,,,
,,,,,,,,,,,,,,,,,
,,,,PROVEEDOR:,TECNICA EN FIJACION Y SOPORTERIA,,,,,,,,,,,,
,,,,R.F.C :,TFS900403US9,,,,,,,,,,,,
,,,,,,,,,,,,,,,,,
,,,,,,,,,,,,,,,,,
,,,,,,,,,,,,,,,,,
,,,,,,,,,,,,,,,,,
,,,,ATENCION:,,,,,,,,,,,,,
,"HEG DISEÑO E INSTALACION, S.A. DE C.V.",,,,,,,,,,,,,,,,
,,,,,,,,,,,,,,,,,
,PEDIDO:,252,,,,,,,,,,,,,,,
,FAMILIA:,TO,,PROYECTO:,OO443 JAIME NUNO,,,,,,,,,,,,
,CONCEPTO:,TORNILLERIA,,CLAN:,MATERIALES,,,,,,,,,,,,
,,EXTRAS 01,,ENTREGAR EN:,JAIME NUNO,,,,,,,,,,,,
,,,,,INSURGENTES SUR 1921,,,,,,,,,,,,
,,,,,Col. GUADALUPE INN,,,,,,,,,,,,
,,,,,DEL. ALVARO OBREGON,,,,,,,,,,,,
,,,,,CP 01020,,,,,,,,,,,,
,,,,,,,,,,,,,,,,,
,,,,,,,,,,,,,,,,,
,NO.,DESCRIPCION,UNIDAD,MEDIDA,,CANTIDAD,P. UNITARIO,IMPORTE ,CLAVE,DIBUJO,M.L.,ACABADO, KG , PRECIOxKG ,,,
,1,"PIJA C/P #10"" X 3""",PZAS,,,360, $0.97 , $349.20 ,,,,,,,,,
,2,"PIJA C/F #10X2 1/2""",PZAS,,,300, $0.74 , $222.00 ,,,,,,,,,
,3,"PIJA PUNTA DE BROCA CABEZA HEXAGONAL DE #10 X 1 1/2""",PZAS,,,420, $0.62 , $260.40 ,,,,,,,,,
,4,"TAQUETE DE PLASTICO DE 1/4"" SAKANI",PZAS,,,360, $0.39 , $140.40 ,,,,,,,,,
,5,"PIJA C/F #8X1/2""",PZAS,,,1400, $0.18 , $252.00 ,,,,,,,,,
,6,"PIJA C/F #10X1""",PZAS,,,300, $0.38 , $114.00 ,,,,,,,,,
,7,"PIJA PUNTA DE BROCA CABEZA HEXAGONAL DE #10 X 1""",PZAS,,,800, $0.48 , $384.00 ,,,,,,,,,
,,,,,,,,,,,,,,,,,
,,,,,,,,,,,,,,,,,
,,,,,,,,,,,,,,,,,
,,,,,,,,,,,,,,,,,
,,,,,,,,,,,,,,,,,
,,,,,,,,,,,,,,,,,
,,,,,,,,,,,,,,,,,
,,,,,,,,,,,,,,,,,
,,,,,,,,,,,,,,,,,
,,,,,,,,,,,,,,,,,
,,,,,,,,,,,,,,,,,
,,,,,,,,,,,,,,,,,
,,,,,,,,,,,,,,,,,
,,,,,,,,,,,,,,,,,
,,,,,,,,,,,,,,,,,
,,,,,,,,,,,,,,,,,
,,,,,,,,,,,,,,,,,
,,,,,,,,,,,,,,,,,
,,,,,,,,,,,,,,,,,
,,,,,,,,,,,,,,,,,
,,,,,,,,,,,,,,,,,
,,,,,,,,,,,,,,,,,
,,,,,,,,,,,,,,,,,
,,,,,,,,,,,,,,,,,
,,,,,,,,,,,,,,,,,
,,,,,,,,,,,,,,,,,
,,,,,,,,,,,,,,,,,
,,,,,,,,,,,,,,,,,
,8,,,,,,, $-   ,,,,,,,,,
,9,,,,,,, $-   ,,,,,,,,,
,10,,,,,,, $-   ,,,,,,,,,
,11,,,,,,, $-   ,,,,,,,,,
,12,,,,,,, $-   ,,,,,,,,,
,13,,,,,,, $-   ,,,,,,,,,
,14,,,,,,, $-   ,,,,,,,,,
,,,,,,,,,,,,,,,,,
,,,,,,,IMPORTE," $1,722.00 ",,,,,,,,,
,,PAGOS INMEDIATOS,,,,,DESCUENTO, $172.20 ,10%,% DESCUENTO,AMORTIZACION,,,,,,
,,APROBADO,,,,,SUBTOTAL," $1,549.80 ",,,SITUACIONES ESPECIALES,,,,,,
,,06/11/2025,,,,,IVA, $247.97 ,,,,,,,,,
,,FECHA DE APROBACION,,,,,TOTAL," $1,797.77 ",,,,,,,,,
,,,,,,,,,,,,,,,,,
,,FORMULÓ,,,,,,,,,,,,,,,
,,HUGO HERNANDEZ,,,,,,,,,,,,,,,
,,,,,,,,,,,,,,,,,
,,,,,,,,,,,,,,,,,
,,,,,,,,,,,,,,,,,
,,,,,,,,,,,,,,,,,
,,,,,,,,,,,,,,,,,
,,,,,,,,,,,,,,,,,
,,,,,,,,,,,,,,,,,
,,,,,,,,,,,,,,,,,
,,,,,,,,,,,,,,,,,
,,,,,,,,,,,,,,,,,
,,,,,,,,,,,,,,,,,
,,,,,,,,,,,,,,,,,
,,,,,,,,,,,,,,,,,
,,,,,,,,,,,,,,,,,
,,,,,,,,,,,,,,,,,
,,,,,,,,,,,,,,,,,
,,,,,,,,,,,,,,,,,
,,,,,,,,,,,,,,,,,
,,,,,,,,,,,,,,,,,
,,,,,,,,,,,,,,,,,
,,,,,,,,,,,,,,,,,
,,,,,,,,,,,,,,,,,
,,,,,,,,,,,,,,,,,
,,,,,,,,,,,,,,,,,
,,,,,,,,,,,,,,,,,
,,,,,,,,,,,,,,,,,
,,,,,,,,,,,,,,,,,
,,,,,,,,,,,,,,,,,
,,,,,,,,,,,,,,,,,
,,,,,,,,,,,,,,,,,
,,,,,,,,,,,,,,,,,
,,,,,,,,,,,,,,,,,
,,,,,,,,,,,,,,,,,
,,,,,,,,,,,,,,,,,
,,,,,,,,,,,,,,,,,
,,,,,,,,,,,,,,,,,
,,,,,,,,,,,,,,,,,
,,,,,,,,,,,,,,,,,
,,,,,,,,,,,,,,,,,
,,,,,,,,,,,,,,,,,
,,,,,,,,,,,,,,,,,
,,,,,,,,,,,,,,,,,
,,,,,,,,,,,,,,,,,
,,,,,,,,,,,,,,,,,
,,,,,,,,,,,,,,,,,
,,,,,,,,,,,,,,,,,
,,,,,,,,,,,,,,,,,
,,,,,,,,,,,,,,,,,
,,,,,,,,,,,,,,,,,
,,,,,,,,,,,,,,,,,
,,,,,,,,,,,,,,,,,
,,,,,,,,,,,,,,,,,
